Workbook

Sheet Raw Data
A1: Date | B1: Platform | C1: Impressions | D1: Reach | E1: Engagement | F1: Likes | G1: Comments | H1: Shares | I1: Clicks | J1: Engagement Rate | K1: Click Rate
A2: 45566 | B2: Instagram | C2: 12000 | D2: 8500 | E2: 1350 | F2: 900 | G2: 250 | H2: 200 | I2: 180 | J2: =(F2+G2+H2)/C2 -> 0.1125 | K2: =I2/C2 -> 0.015
A3: 45566 | B3: Facebook | C3: 9800 | D3: 7200 | E3: 980 | F3: 650 | G3: 180 | H3: 150 | I3: 140 | J3: =(F3+G3+H3)/C3 -> 0.1 | K3: =I3/C3 -> 0.014285714
A4: 45566 | B4: Twitter | C4: 7600 | D4: 6900 | E4: 620 | F4: 420 | G4: 120 | H4: 80 | I4: 95 | J4: =(F4+G4+H4)/C4 -> 0.081578947 | K4: =I4/C4 -> 0.0125
A5: 45566 | B5: YouTube | C5: 25000 | D5: 18000 | E5: 1600 | F5: 1200 | G5: 180 | H5: 220 | I5: 950 | J5: =(F5+G5+H5)/C5 -> 0.064 | K5: =I5/C5 -> 0.038
A6: 45567 | B6: Instagram | C6: 12500 | D6: 8800 | E6: 1450 | F6: 960 | G6: 270 | H6: 220 | I6: 190 | J6: =(F6+G6+H6)/C6 -> 0.116 | K6: =I6/C6 -> 0.0152
A7: 45567 | B7: Facebook | C7: 10000 | D7: 7400 | E7: 1020 | F7: 680 | G7: 190 | H7: 150 | I7: 145 | J7: =(F7+G7+H7)/C7 -> 0.102 | K7: =I7/C7 -> 0.0145
A8: 45567 | B8: Twitter | C8: 7800 | D8: 7100 | E8: 640 | F8: 440 | G8: 120 | H8: 80 | I8: 98 | J8: =(F8+G8+H8)/C8 -> 0.082051282 | K8: =I8/C8 -> 0.012564103
A9: 45567 | B9: YouTube | C9: 26000 | D9: 18500 | E9: 1700 | F9: 1250 | G9: 190 | H9: 260 | I9: 980 | J9: =(F9+G9+H9)/C9 -> 0.065384615 | K9: =I9/C9 -> 0.037692308
A10: 45568 | B10: Instagram | C10: 13000 | D10: 9100 | E10: 1550 | F10: 1020 | G10: 290 | H10: 240 | I10: 200 | J10: =(F10+G10+H10)/C10 -> 0.11923077 | K10: =I10/C10 -> 0.015384615
A11: 45568 | B11: Facebook | C11: 10200 | D11: 7600 | E11: 1050 | F11: 700 | G11: 200 | H11: 150 | I11: 150 | J11: =(F11+G11+H11)/C11 -> 0.10294118 | K11: =I11/C11 -> 0.014705882
A12: 45568 | B12: Twitter | C12: 8000 | D12: 7300 | E12: 660 | F12: 460 | G12: 120 | H12: 80 | I12: 100 | J12: =(F12+G12+H12)/C12 -> 0.0825 | K12: =I12/C12 -> 0.0125
A13: 45568 | B13: YouTube | C13: 27000 | D13: 19000 | E13: 1750 | F13: 1300 | G13: 200 | H13: 250 | I13: 1000 | J13: =(F13+G13+H13)/C13 -> 0.064814815 | K13: =I13/C13 -> 0.037037037
... A49: 45577 | B49: YouTube | C49: 42000 | D49: 29500 | E49: 3000 | F49: 2200 | G49: 340 | H49: 460 | I49: 1500 | J49: =(F49+G49+H49)/C49 -> 0.071428571 | K49: =I49/C49 -> 0.035714286

Sheet Summary
B1: Instagram analysis dashborad
B2: Overall Performances
B3: Total Impressions | C3: Total Reach | D3: Total Engagement | E3: Total Likes | F3: Total Comments | G3: Total Shares | H3: Total Clicks | I3: Average Engagement Rate | J3: Average Click Rate | M3: =SUM('Raw Data'!E:E)/SUM('Raw Data'!D:D) -> 0.12252525
B4: =SUMIFS('Raw Data'!C:C, 'Raw Data'!A:A, "<>") -> 804800 | C4: =SUMIFS('Raw Data'!D:D, 'Raw Data'!A:A, "<>") -> 594000 | D4: =SUMIFS('Raw Data'!E:E, 'Raw Data'!A:A, "<>") -> 72780 | E4: =SUMIFS('Raw Data'!F:F, 'Raw Data'!A:A, "<>") -> 50650 | F4: =SUMIFS('Raw Data'!G:G, 'Raw Data'!A:A, "<>") -> 11940 | G4: =SUMIFS('Raw Data'!H:H, 'Raw Data'!A:A, "<>") -> 10190 | H4: =SUMIFS('Raw Data'!I:I, 'Raw Data'!A:A, "<>") -> 20416 | I4: =AVERAGEIFS('Raw Data'!J:J, 'Raw Data'!A:A, "<>") -> 0.097343559 | J4: =AVERAGEIFS('Raw Data'!K:K, 'Raw Data'!A:A, "<>") -> 0.020377855 | M4: =SUM('Raw Data'!I:I)/SUM('Raw Data'!C:C) -> 0.025367793
C6: Platform Specific performance
B7: Platform | C7: Total Impressions | D7: Total Reach | E7: Total Engagement | F7: Total Likes | G7: Total Comments | H7: Total Shares | I7: Total Clicks | J7: Average Engagement Rate | K7: Average Click Rate
B8: {=_xlfn.UNIQUE(_xlfn._xlws.FILTER('Raw Data'!B2:B1000, 'Raw Data'!B2:B1000<>""))} -> Instagram | C8: =SUMIFS('Raw Data'!C:C, 'Raw Data'!B:B, B8, 'Raw Data'!A:A, "<>") -> 177000 | D8: =SUMIFS('Raw Data'!D:D, 'Raw Data'!B:B, B8, 'Raw Data'!A:A, "<>") -> 123900 | E8: =SUMIFS('Raw Data'!E:E, 'Raw Data'!B:B, B8, 'Raw Data'!A:A, "<>") -> 22800 | F8: =SUMIFS('Raw Data'!F:F, 'Raw Data'!B:B, B8, 'Raw Data'!A:A, "<>") -> 15050 | G8: =SUMIFS('Raw Data'!G:G, 'Raw Data'!B:B, B8, 'Raw Data'!A:A, "<>") -> 4290 | H8: =SUMIFS('Raw Data'!H:H, 'Raw Data'!B:B, B8, 'Raw Data'!A:A, "<>") -> 3460 | I8: =SUMIFS('Raw Data'!I:I, 'Raw Data'!B:B, B8, 'Raw Data'!A:A, "<>") -> 3025 | J8: =AVERAGEIFS('Raw Data'!J:J, 'Raw Data'!B:B, B8, 'Raw Data'!A:A, "<>") -> 0.12781427 | K8: =AVERAGEIFS('Raw Data'!K:K, 'Raw Data'!B:B, B8, 'Raw Data'!A:A, "<>") -> 0.016933038
B9: Facebook | C9: =SUMIFS('Raw Data'!C:C, 'Raw Data'!B:B, B9, 'Raw Data'!A:A, "<>") -> 135900 | D9: =SUMIFS('Raw Data'!D:D, 'Raw Data'!B:B, B9, 'Raw Data'!A:A, "<>") -> 103300 | E9: =SUMIFS('Raw Data'!E:E, 'Raw Data'!B:B, B9, 'Raw Data'!A:A, "<>") -> 15050 | F9: =SUMIFS('Raw Data'!F:F, 'Raw Data'!B:B, B9, 'Raw Data'!A:A, "<>") -> 9990 | G9: =SUMIFS('Raw Data'!G:G, 'Raw Data'!B:B, B9, 'Raw Data'!A:A, "<>") -> 3110 | H9: =SUMIFS('Raw Data'!H:H, 'Raw Data'!B:B, B9, 'Raw Data'!A:A, "<>") -> 1950 | I9: =SUMIFS('Raw Data'!I:I, 'Raw Data'!B:B, B9, 'Raw Data'!A:A, "<>") -> 2155 | J9: =AVERAGEIFS('Raw Data'!J:J, 'Raw Data'!B:B, B9, 'Raw Data'!A:A, "<>") -> 0.11015089 | K9: =AVERAGEIFS('Raw Data'!K:K, 'Raw Data'!B:B, B9, 'Raw Data'!A:A, "<>") -> 0.01577465
B10: Twitter | C10: =SUMIFS('Raw Data'!C:C, 'Raw Data'!B:B, B10, 'Raw Data'!A:A, "<>") -> 104900 | D10: =SUMIFS('Raw Data'!D:D, 'Raw Data'!B:B, B10, 'Raw Data'!A:A, "<>") -> 96300 | E10: =SUMIFS('Raw Data'!E:E, 'Raw Data'!B:B, B10, 'Raw Data'!A:A, "<>") -> 8880 | F10: =SUMIFS('Raw Data'!F:F, 'Raw Data'!B:B, B10, 'Raw Data'!A:A, "<>") -> 6360 | G10: =SUMIFS('Raw Data'!G:G, 'Raw Data'!B:B, B10, 'Raw Data'!A:A, "<>") -> 1560 | H10: =SUMIFS('Raw Data'!H:H, 'Raw Data'!B:B, B10, 'Raw Data'!A:A, "<>") -> 960 | I10: =SUMIFS('Raw Data'!I:I, 'Raw Data'!B:B, B10, 'Raw Data'!A:A, "<>") -> 1336 | J10: =AVERAGEIFS('Raw Data'!J:J, 'Raw Data'!B:B, B10, 'Raw Data'!A:A, "<>") -> 0.084458348 | K10: =AVERAGEIFS('Raw Data'!K:K, 'Raw Data'!B:B, B10, 'Raw Data'!A:A, "<>") -> 0.012727887
B11: YouTube | C11: =SUMIFS('Raw Data'!C:C, 'Raw Data'!B:B, B11, 'Raw Data'!A:A, "<>") -> 387000 | D11: =SUMIFS('Raw Data'!D:D, 'Raw Data'!B:B, B11, 'Raw Data'!A:A, "<>") -> 270500 | E11: =SUMIFS('Raw Data'!E:E, 'Raw Data'!B:B, B11, 'Raw Data'!A:A, "<>") -> 26050 | F11: =SUMIFS('Raw Data'!F:F, 'Raw Data'!B:B, B11, 'Raw Data'!A:A, "<>") -> 19250 | G11: =SUMIFS('Raw Data'!G:G, 'Raw Data'!B:B, B11, 'Raw Data'!A:A, "<>") -> 2980 | H11: =SUMIFS('Raw Data'!H:H, 'Raw Data'!B:B, B11, 'Raw Data'!A:A, "<>") -> 3820 | I11: =SUMIFS('Raw Data'!I:I, 'Raw Data'!B:B, B11, 'Raw Data'!A:A, "<>") -> 13900 | J11: =AVERAGEIFS('Raw Data'!J:J, 'Raw Data'!B:B, B11, 'Raw Data'!A:A, "<>") -> 0.066950733 | K11: =AVERAGEIFS('Raw Data'!K:K, 'Raw Data'!B:B, B11, 'Raw Data'!A:A, "<>") -> 0.036075844
B13: Date | C13: Total impression
B14: 45566 | C14: =SUMIF('Raw Data'!A:A, Summary!B14, 'Raw Data'!C:C) -> 54400
B15: 45567 | C15: =SUMIF('Raw Data'!A:A, Summary!B15, 'Raw Data'!C:C) -> 56300
B16: 45568 | C16: =SUMIF('Raw Data'!A:A, Summary!B16, 'Raw Data'!C:C) -> 58200
B17: 45569 | C17: =SUMIF('Raw Data'!A:A, Summary!B17, 'Raw Data'!C:C) -> 60200
B18: 45570 | C18: =SUMIF('Raw Data'!A:A, Summary!B18, 'Raw Data'!C:C) -> 62200
B19: 45571 | C19: =SUMIF('Raw Data'!A:A, Summary!B19, 'Raw Data'!C:C) -> 64100
B20: 45572 | C20: =SUMIF('Raw Data'!A:A, Summary!B20, 'Raw Data'!C:C) -> 67300
B21: 45573 | C21: =SUMIF('Raw Data'!A:A, Summary!B21, 'Raw Data'!C:C) -> 70300
B22: 45574 | C22: =SUMIF('Raw Data'!A:A, Summary!B22, 'Raw Data'!C:C) -> 73200
B23: 45575 | C23: =SUMIF('Raw Data'!A:A, Summary!B23, 'Raw Data'!C:C) -> 76500
B24: 45576 | C24: =SUMIF('Raw Data'!A:A, Summary!B24, 'Raw Data'!C:C) -> 79600
B25: 45577 | C25: =SUMIF('Raw Data'!A:A, Summary!B25, 'Raw Data'!C:C) -> 82500
